s,XY,XW,XV,YX,YW,YV,WX,WY,WV,VX,VY,VW
0.0001,1036.4421086586465,1035.475503527924,1034.8187200249993,1034.5087938081463,1031.865267056267,1033.8542357144627,1035.475503527924,1033.7910593302986,1034.8187200249993,1036.132237645769,1034.4463362186034,1036.132237645769
0.00014563484775012445,1036.8831861662472,1035.475503527924,1034.5189908488912,1034.0676141544234,1030.2243752195805,1033.115790211168,1035.475503527924,1033.0239968365515,1034.5189908488912,1036.431923996517,1033.9773306842437,1036.431923996517
0.00021209508879201905,1037.5254977130446,1035.475503527924,1034.0824532263086,1033.4250568850164,1027.8420680059842,1032.0419579962343,1035.475503527924,1031.9087286558693,1034.0824532263086,1036.8683446839455,1033.2950396397166,1036.8683446839455
0.00030888435964774815,1038.4608382173456,1035.475503527924,1033.446673345214,1032.489222650772,1024.3882760244048,1030.4814474797172,1035.475503527924,1030.288383323232,1033.446673345214,1037.5038897215436,1032.3029321358474,1037.5038897215436
0.0004498432668969444,1039.8228032134862,1035.475503527924,1032.5206951892942,1031.1261956460594,1019.391433892479,1028.215932290762,1035.475503527924,1027.93682276556,1032.5206951892942,1038.429379157383,1030.8613565865994,1038.429379157383
0.0006551285568595509,1041.8057815908476,1035.475503527924,1031.1720443934435,1029.1409450704994,1012.1840661870673,1024.9316176368513,1035.475503527924,1024.5295426156638,1031.1720443934435,1039.7769893599218,1028.7688898919773,1039.7769893599218
0.0009540954763499944,1044.6924907565424,1035.475503527924,1029.207721220133,1026.249458472045,1001.8342661861848,1020.1803109792429,1035.475503527924,1019.60413133526,1029.207721220133,1041.739100069337,1025.7361952277065,1041.739100069337
0.0013894954943731374,1048.8934857567058,1035.475503527924,1026.3467162610482,1022.0383017281579,987.068200457406,1013.3276444505007,1035.475503527924,1012.5086481454244,1026.3467162610482,1044.5954154260617,1021.3504748471969,1044.5954154260617
0.0020235896477251557,1055.0037502329562,1035.475503527924,1022.1799409739557,1015.9065012881313,966.2015090420181,1003.4879858809998,1035.475503527924,1002.338513252198,1022.1799409739557,1048.7522503297885,1015.0282771590868,1048.7522503297885
0.0029470517025518097,1063.8814665602622,1035.475503527924,1016.1127032723394,1006.9831569380399,937.1247371566194,989.4504270437717,1035.475503527924,987.8694393600802,1016.1127032723394,1054.798398400182,1005.9567481079952,1054.798398400182
0.004291934260128779,1076.7529877600655,1035.475503527924,1007.283106825858,994.0150875870639,897.4363113925131,969.6117355162528,1035.475503527924,967.5088308169635,1007.283106825858,1063.583332591441,993.0274312075932,1063.583332591441
0.0062505519252739694,1095.33680426603,1035.475503527924,994.4505484874909,975.2274531529545,844.8830366262611,941.9563032371378,1035.475503527924,939.316770171123,994.4505484874909,1076.3213520888517,974.7778476648741,1076.3213520888517
0.009102981779915217,1121.9419982062986,1035.475503527924,975.8569105790107,948.194239767394,778.2975870751002,904.1644399247535,1035.475503527924,901.1909391028136,975.8569105790107,1094.7154167552426,949.3760306016837,1094.7154167552426
0.013257113655901081,1159.388542616791,1035.475503527924,949.0955072627486,909.8583440525947,699.0282436794666,853.9864535153424,1035.475503527924,851.3392643675727,949.0955072627486,1121.0576019351356,914.7167367839837,1121.0576019351356
0.019306977288832496,1210.3565975743693,1035.475503527924,911.1233655328729,857.0808412111043,612.1212566179039,790.0484938930454,1035.475503527924,789.0806857383772,911.1233655328729,1158.1583518578796,868.7347956562028,1158.1583518578796
0.02811768697974228,1275.5087816538407,1035.475503527924,858.7871727703221,788.3868003573419,525.4557518783059,713.1202745177341,1035.475503527924,715.6774413457583,858.7871727703221,1208.7201977233979,810.0405271378113,1208.7201977233979
0.040949150623804234,1350.4426430983444,1035.475503527924,790.5271173535815,706.9355722947963,445.8315080692855,627.3317676214131,1035.475503527924,634.5041566531976,790.5271173535815,1273.5022810792163,738.8444639275847,1273.5022810792163
0.05963623316594643,1424.8464774034621,1035.475503527924,709.3356787664007,621.4298396219843,375.44242192881063,539.9189450913626,1035.475503527924,550.2334851325231,709.3356787664007,1348.28073003287,657.779658882107,1348.28073003287
0.08685113737513521,1488.1277506473361,1035.475503527924,623.8062394723212,540.450488170113,313.26722558162567,458.19756846788823,1035.475503527924,467.76305505207023,623.8062394723212,1422.862821505952,571.8766276352263,1422.862821505952
0.12648552168552957,1534.8497902821457,1035.475503527924,542.6360049669391,466.65532012563506,253.56895758336572,385.67241570799985,1035.475503527924,391.3560638229605,542.6360049669391,1486.556145363832,487.26341446109615,1486.556145363832
0.18420699693267145,1561.9343257108546,1035.475503527924,468.5813396807991,400.34898381025033,0.0,321.90696683516035,1035.475503527924,323.6523222641173,468.5813396807991,1533.7859725992125,409.1387828626802,1533.7859725992125
0.2682695795279725,1565.2516815569375,1035.475503527924,388.63925954721947,0.0,0.0,265.33574742332564,1035.475503527924,265.2105685996235,388.63925954721947,1561.4741084502655,340.12045913887795,1561.4741084502655
0.3906939937054613,1540.0456150551988,1035.475503527924,0.0,0.0,0.0,353.57027709094456,1035.475503527924,215.58855637208376,0.0,1565.527499305448,280.23898000724614,1565.527499305448
0.5689866029018293,1483.1200980276683,1035.475503527924,0.0,0.0,0.0,0.0,1035.475503527924,174.23629599443913,0.0,1541.183186004759,228.76424979314297,1541.183186004759
0.8286427728546842,1396.2146833367854,1035.475503527924,0.0,0.0,0.0,0.0,1035.475503527924,0.0,0.0,1485.160238366459,189.8972271745549,1485.160238366459
1.2067926406393288,1289.751191886438,1035.475503527924,0.0,0.0,0.0,0.0,1035.475503527924,0.0,0.0,1399.004879320571,0.0,1399.004879320571
1.7575106248547894,1183.7987327782616,1035.475503527924,0.0,0.0,0.0,0.0,1035.475503527924,0.0,0.0,1292.8569068778038,0.0,1292.8569068778038
2.559547922699533,1101.5415147414062,1035.475503527924,0.0,0.0,0.0,0.0,1035.475503527924,0.0,0.0,1186.5588787939869,0.0,1186.5588787939869
3.727593720314938,1055.4784683268256,1035.475503527924,0.0,0.0,0.0,0.0,1035.475503527924,0.0,0.0,1103.3789765647855,0.0,1103.3789765647855
5.428675439323859,1038.9525670962523,1035.475503527924,0.0,0.0,0.0,0.0,1035.475503527924,0.0,0.0,1056.301670958922,0.0,1056.301670958922
7.9060432109076855,1035.7464888712238,1035.475503527924,0.0,0.0,0.0,0.0,1035.475503527924,0.0,0.0,1039.1635676052754,0.0,1039.1635676052754
11.513953993264458,1035.4820889783464,1035.475503527924,0.0,0.0,0.0,0.0,1035.475503527924,0.0,0.0,1035.7707801538534,0.0,1035.7707801538534
16.768329368110066,1035.4755328702595,1035.475503527924,0.0,0.0,0.0,0.0,1035.475503527924,0.0,0.0,1035.4829661540848,0.0,1035.4829661540848
24.420530945486497,1035.4755035512246,1035.475503527924,0.0,0.0,0.0,0.0,1035.475503527924,0.0,0.0,1035.4755387007458,0.0,1035.4755387007458
35.564803062231285,1035.4755035279243,1035.475503527924,0.0,0.0,0.0,0.0,1035.475503527924,0.0,0.0,1035.4755035583007,0.0,1035.4755035583007
51.79474679231202,1035.475503527924,1035.475503527924,0.0,0.0,0.0,0.0,1035.475503527924,0.0,0.0,1035.4755035279245,0.0,1035.4755035279245
75.43120063354607,1035.475503527924,1035.475503527924,0.0,0.0,0.0,0.0,1035.475503527924,0.0,0.0,1035.475503527924,0.0,1035.475503527924
109.85411419875572,1035.475503527924,1035.475503527924,0.0,0.0,nan,0.0,1035.475503527924,0.0,0.0,1035.475503527924,0.0,1035.475503527924
159.98587196060572,1035.475503527924,1035.475503527924,0.0,nan,nan,0.0,1035.475503527924,0.0,0.0,1035.475503527924,0.0,1035.475503527924
232.99518105153672,1035.475503527924,1035.475503527924,nan,nan,nan,nan,1035.475503527924,0.0,nan,1035.475503527924,0.0,1035.475503527924
339.3221771895323,1035.475503527924,1035.475503527924,nan,nan,nan,nan,1035.475503527924,0.0,nan,1035.475503527924,0.0,1035.475503527924
494.1713361323828,1035.475503527924,1035.475503527924,nan,nan,nan,nan,1035.475503527924,nan,nan,1035.475503527924,0.0,1035.475503527924
719.6856730011514,1035.475503527924,1035.475503527924,nan,nan,nan,nan,1035.475503527924,nan,nan,1035.475503527924,nan,1035.475503527924
1048.1131341546852,1035.475503527924,1035.475503527924,nan,nan,nan,nan,1035.475503527924,nan,nan,1035.475503527924,nan,1035.475503527924
1526.4179671752302,1035.475503527924,1035.475503527924,nan,nan,nan,nan,1035.475503527924,nan,nan,1035.475503527924,nan,1035.475503527924
2222.996482526191,1035.475503527924,1035.475503527924,nan,nan,nan,nan,1035.475503527924,nan,nan,1035.475503527924,nan,1035.475503527924
3237.45754281764,1035.475503527924,1035.475503527924,nan,nan,nan,nan,1035.475503527924,nan,nan,1035.475503527924,nan,1035.475503527924
4714.8663634573895,1035.475503527924,1035.475503527924,nan,nan,nan,nan,1035.475503527924,nan,nan,1035.475503527924,nan,1035.475503527924
6866.488450042998,1035.475503527924,1035.475503527924,nan,nan,nan,nan,1035.475503527924,nan,nan,1035.475503527924,nan,1035.475503527924
10000.0,1035.475503527924,1035.475503527924,nan,nan,nan,nan,1035.475503527924,nan,nan,1035.475503527924,nan,1035.475503527924
